{
  "energy": -23.081106185913086,
  "forces": [
    [
      -0.47700560092926025,
      -0.43414831161499023,
      -0.15719252824783325
    ],
    [
      -0.17387233674526215,
      -0.035255298018455505,
      0.08832728862762451
    ],
    [
      0.20795059204101562,
      0.34317272901535034,
      0.45086488127708435
    ],
    [
      0.4429272711277008,
      0.1262311190366745,
      -0.3819996118545532
    ]
  ],
  "pressures": [
    7332.5751953125,
    8819.0849609375,
    5933.4521484375,
    1361.9163818359375,
    1048.9122314453125,
    3463.7353515625
  ],
  "energies": [
    -5.768657207489014,
    -5.774534702301025,
    -5.770316123962402,
    -5.767598628997803
  ]
}