{
  "energy": -21.690929412841797,
  "forces": [
    [
      0.1917112171649933,
      -0.017891209572553635,
      -0.16466808319091797
    ],
    [
      -0.19171127676963806,
      0.017891330644488335,
      0.1646682322025299
    ]
  ],
  "pressures": [
    47032.921875,
    47406.3671875,
    47132.40234375,
    30.365251541137695,
    -321.9344787597656,
    -35.31814193725586
  ],
  "energies": [
    -10.845464706420898,
    -10.845463752746582
  ]
}