{
  "energy": -17.954321815348088,
  "forces": [
    [
      -1.767032813404512e-07,
      -1.7670329555130593e-07,
      8.786086524992243e-09
    ],
    [
      1.767032813404512e-07,
      -1.767032813404512e-07,
      3.190902431171594e-09
    ],
    [
      1.767032813404512e-07,
      1.767032813404512e-07,
      -3.190902431171594e-09
    ],
    [
      -1.767032813404512e-07,
      1.7670329555130593e-07,
      -8.786086524992243e-09
    ]
  ],
  "pressures": [
    -332.6653747558594,
    -332.66436767578125,
    8023.2041015625,
    -7.680313850177978e-12,
    3.3400070903466528e-12,
    1.2503466686498987e-13
  ],
  "energies": [
    -4.488580226898193,
    -4.488580226898193,
    -4.488580226898193,
    -4.488580226898193
  ]
}