{
  "energy": -64.84911746736692,
  "forces": [
    [
      0.8687944700396388,
      2.2898349882893854e-15,
      3.712308238590367e-15
    ],
    [
      0.8687944700396357,
      8.794505922116169e-16,
      1.1789614423607375e-15
    ],
    [
      -0.8687944700396346,
      1.6458188978329957e-16,
      7.177418381854039e-17
    ],
    [
      -0.8687944700396348,
      -4.866983552287429e-16,
      -3.0514586999006203e-18
    ],
    [
      0.868794470039636,
      1.6048360557130437e-15,
      2.8471149049469346e-16
    ],
    [
      0.8687944700396348,
      1.2675739027791618e-15,
      -3.70536934468646e-15
    ],
    [
      -0.8687944700396306,
      1.472346550235315e-15,
      -1.480412993555422e-15
    ],
    [
      -0.8687944700396324,
      2.886146183156413e-16,
      4.486229179852627e-16
    ],
    [
      0.8687944700396348,
      2.2898349882893854e-16,
      1.832193251283254e-15
    ],
    [
      0.8687944700396363,
      -2.268313575165548e-15,
      3.71881345162528e-16
    ],
    [
      -0.8687944700396332,
      -9.86407136527312e-16,
      5.401997809056168e-16
    ],
    [
      -0.8687944700396352,
      -1.6930901125533637e-15,
      1.9220736113823023e-15
    ],
    [
      0.8687944700396352,
      -3.7124154471806946e-16,
      -3.122502256758253e-17
    ],
    [
      0.8687944700396388,
      -4.163336342344337e-15,
      -4.871103520542874e-15
    ],
    [
      -0.8687944700396316,
      -2.734899980094685e-16,
      -2.55907861369457e-16
    ],
    [
      -0.868794470039636,
      2.0464316005663896e-16,
      3.2547749218014843e-16
    ],
    [
      -2.5227151483488397,
      1.9825720926069934e-15,
      5.546778314435841e-16
    ],
    [
      -2.5227151483488384,
      1.5226244843273096e-15,
      -3.7730235602495554e-16
    ],
    [
      2.522715148348836,
      1.185740573455883e-15,
      -1.5005358067199381e-16
    ],
    [
      2.5227151483488326,
      6.292709409105868e-16,
      1.6844164951734797e-15
    ],
    [
      -2.5227151483488424,
      1.2212453270876722e-15,
      3.6803916840749786e-16
    ],
    [
      -2.52271514834884,
      4.871134183976019e-16,
      1.4712623480628295e-16
    ],
    [
      2.522715148348836,
      2.3314683517128287e-15,
      -5.991196335267971e-16
    ],
    [
      2.5227151483488415,
      4.972151163018523e-16,
      -4.2200272989075874e-16
    ],
    [
      -2.5227151483488375,
      -1.3478801408339791e-15,
      -4.336808689942018e-18
    ],
    [
      -2.5227151483488375,
      3.642919299551295e-16,
      1.7780915628762273e-16
    ],
    [
      2.52271514834884,
      4.3368086899420177e-16,
      -4.774826367626162e-16
    ],
    [
      2.5227151483488384,
      -3.602695398952083e-15,
      3.296642206087587e-15
    ],
    [
      -2.522715148348843,
      -1.4194729027646272e-15,
      -6.082266252366441e-16
    ],
    [
      -2.52271514834884,
      -6.577854580469555e-16,
      -1.665692337742269e-16
    ],
    [
      2.5227151483488375,
      -7.147060721024445e-16,
      -9.957312752106873e-16
    ],
    [
      2.522715148348839,
      -1.4849232954361469e-15,
      -1.333083478460681e-15
    ]
  ],
  "pressures": [
    359775.3296773615,
    416560.457241427,
    416560.45724142686,
    -2.415671901206149e-12,
    7.98524155911705e-11,
    9.935229285369588e-11
  ],
  "energies": [
    0.0,
    0.0,
    0.0,
    0.0,
    0.0,
    0.0,
    0.0,
    0.0,
    0.0,
    0.0,
    0.0,
    0.0,
    0.0,
    0.0,
    0.0,
    0.0,
    0.0,
    0.0,
    0.0,
    0.0,
    0.0,
    0.0,
    0.0,
    0.0,
    0.0,
    0.0,
    0.0,
    0.0,
    0.0,
    0.0,
    0.0,
    0.0
  ]
}