{
  "energy": -64.19111782886142,
  "forces": [
    [
      0.8424104452133179,
      -3.860627941776329e-07,
      -3.860627941776329e-07
    ],
    [
      0.8424104452133179,
      3.9473491142416606e-09,
      3.947348226063241e-09
    ],
    [
      -0.8424108624458313,
      -3.8606285102105176e-07,
      3.947347781974031e-09
    ],
    [
      -0.8424108624458313,
      3.947348226063241e-09,
      -3.8606285102105176e-07
    ],
    [
      0.8424104452133179,
      -3.860627941776329e-07,
      4.988361297364463e-07
    ],
    [
      0.8424104452133179,
      3.947348670152451e-09,
      -1.1672068467305508e-07
    ],
    [
      -0.8424108624458313,
      -3.860627941776329e-07,
      -1.1672068467305508e-07
    ],
    [
      -0.8424108624458313,
      3.947347781974031e-09,
      4.988361865798652e-07
    ],
    [
      0.8424104452133179,
      4.988361297364463e-07,
      -3.860627941776329e-07
    ],
    [
      0.8424104452133179,
      -1.1672068467305508e-07,
      3.947347781974031e-09
    ],
    [
      -0.8424108624458313,
      4.988361865798652e-07,
      3.947347781974031e-09
    ],
    [
      -0.8424108624458313,
      -1.1672068467305508e-07,
      -3.860627941776329e-07
    ],
    [
      0.8424104452133179,
      4.988361297364463e-07,
      4.988361297364463e-07
    ],
    [
      0.8424104452133179,
      -1.1672065625134564e-07,
      -1.1672065625134564e-07
    ],
    [
      -0.8424108624458313,
      4.988361297364463e-07,
      -1.1672067756762772e-07
    ],
    [
      -0.8424108624458313,
      -1.1672067756762772e-07,
      4.988361297364463e-07
    ],
    [
      -2.675442695617676,
      -6.140721779956948e-07,
      -6.140721779956948e-07
    ],
    [
      -2.675442934036255,
      -3.6915772660961466e-09,
      -3.6915770440515416e-09
    ],
    [
      2.675443172454834,
      -6.140721779956948e-07,
      -3.691578376319171e-09
    ],
    [
      2.675443172454834,
      -3.6915781542745663e-09,
      -6.140721779956948e-07
    ],
    [
      -2.675442695617676,
      -6.140721779956948e-07,
      8.165386589098489e-07
    ],
    [
      -2.675442695617676,
      -3.691576377917727e-09,
      -1.987748703413672e-07
    ],
    [
      2.675442934036255,
      -6.140721211522759e-07,
      -1.987748561305125e-07
    ],
    [
      2.675443172454834,
      -3.6915770440515416e-09,
      8.165386589098489e-07
    ],
    [
      -2.675442695617676,
      8.165386589098489e-07,
      -6.140721779956948e-07
    ],
    [
      -2.675442695617676,
      -1.987748703413672e-07,
      -3.6915765999623318e-09
    ],
    [
      2.675443172454834,
      8.165386589098489e-07,
      -3.6915774881407515e-09
    ],
    [
      2.675442934036255,
      -1.987748561305125e-07,
      -6.140721211522759e-07
    ],
    [
      -2.675442695617676,
      8.1653860206643e-07,
      8.1653860206643e-07
    ],
    [
      -2.6754424571990967,
      -1.9877484191965777e-07,
      -1.9877484191965777e-07
    ],
    [
      2.675442934036255,
      8.165385452230112e-07,
      -1.9877484191965777e-07
    ],
    [
      2.675442934036255,
      -1.9877484191965777e-07,
      8.165385452230112e-07
    ]
  ],
  "pressures": [
    399926.53125,
    435400.09375,
    435400.09375,
    1.3644594135109323e-11,
    3.2883758216417647e-11,
    3.131073525453054e-11
  ],
  "energies": [
    -4.144270420074463,
    -4.144270420074463,
    -4.144270420074463,
    -4.144270420074463,
    -4.144270420074463,
    -4.144270420074463,
    -4.144270420074463,
    -4.144270420074463,
    -4.144270420074463,
    -4.144270420074463,
    -4.144270420074463,
    -4.144270420074463,
    -4.144270420074463,
    -4.144270420074463,
    -4.144270420074463,
    -4.144270420074463,
    0.13232557475566864,
    0.13232553005218506,
    0.13232560455799103,
    0.13232560455799103,
    0.13232558965682983,
    0.13232558965682983,
    0.1323256641626358,
    0.13232561945915222,
    0.13232558965682983,
    0.13232558965682983,
    0.13232561945915222,
    0.1323256641626358,
    0.13232560455799103,
    0.1323256492614746,
    0.132325679063797,
    0.132325679063797
  ]
}