{
  "energy": -116.1276867213387,
  "forces": [
    [
      -0.9164892051929256,
      -0.055134234448671535,
      0.0156747784961439
    ],
    [
      -0.8779310732325432,
      -0.01260707826088587,
      0.06284978068866745
    ],
    [
      0.907386961399821,
      0.11744039313673389,
      0.04613696791149353
    ],
    [
      0.9344314314723147,
      -0.019953639284995953,
      -0.045128537027022214
    ],
    [
      -0.9021929399095692,
      0.019902122779155262,
      0.058407672637333166
    ],
    [
      -0.8771995828169304,
      0.01712175670863768,
      -0.062268247072568714
    ],
    [
      0.8904425523156962,
      0.06887053684225257,
      -0.008057311748466486
    ],
    [
      0.8934045880016777,
      -0.004322987524423177,
      -0.045729848537487364
    ],
    [
      -0.9417728504689313,
      -0.011391413655475833,
      0.010560849158958496
    ],
    [
      -0.9408869718051718,
      -0.021061660592431655,
      -0.027091144271030175
    ],
    [
      0.9297865640209384,
      -0.004719364576834982,
      0.05738419975143113
    ],
    [
      0.9442655822501183,
      -0.04451563483314011,
      -0.059790473260071975
    ],
    [
      -0.9358468024416817,
      -0.038796839881862305,
      -0.014906297044124616
    ],
    [
      -0.920715250417161,
      0.024894022255370275,
      -0.055630242623664346
    ],
    [
      0.925485811215635,
      -0.0532587432973927,
      0.0961963374619548
    ],
    [
      0.8976570115152139,
      0.00879629162535506,
      -0.01086095014664477
    ],
    [
      -0.022659971438740805,
      0.020973759493706234,
      0.0023424655086315177
    ],
    [
      -0.03076730470025719,
      -0.014853608018135445,
      0.004466799073246746
    ],
    [
      0.02667154984089016,
      0.008061232810570673,
      -0.0089356996240191
    ],
    [
      0.004789555637702406,
      0.008131688277074334,
      -0.009936411116354802
    ],
    [
      -0.02365468070619365,
      -0.0056353060479319116,
      0.006678616215389576
    ],
    [
      -0.020528024708749933,
      0.0032998953444997605,
      0.015009072387023297
    ],
    [
      0.013371090952740083,
      -0.003362756018102972,
      0.0033291862066505413
    ],
    [
      0.023720742399723743,
      0.01998092581887807,
      0.00020399184436348632
    ],
    [
      -0.02006469852557181,
      0.009369117760477379,
      -0.004454282859035473
    ],
    [
      -0.021230484428848888,
      -0.02689810238544714,
      0.0016765613058465358
    ],
    [
      0.016014548660184105,
      0.00570427293537815,
      0.022401396566833945
    ],
    [
      0.019767573661900226,
      0.0005533708102721637,
      -0.020089231373317314
    ],
    [
      -0.015185191391249839,
      -0.0007188378989552758,
      -0.003939384741366393
    ],
    [
      -0.0030725425019526155,
      -0.01771209075916701,
      -0.0019145723182883165
    ],
    [
      0.006250675400521232,
      0.009364813681694546,
      -0.010253247873024344
    ],
    [
      0.03675133594140046,
      -0.007521902796202025,
      -0.014332793577481285
    ]
  ],
  "pressures": [
    -133626.7635412451,
    -112071.01084937842,
    -112102.04972303355,
    16.976509476329774,
    94.12846943650636,
    183.842019699893
  ],
  "energies": [
    0.0,
    0.0,
    0.0,
    0.0,
    0.0,
    0.0,
    0.0,
    0.0,
    0.0,
    0.0,
    0.0,
    0.0,
    0.0,
    0.0,
    0.0,
    0.0,
    0.0,
    0.0,
    0.0,
    0.0,
    0.0,
    0.0,
    0.0,
    0.0,
    0.0,
    0.0,
    0.0,
    0.0,
    0.0,
    0.0,
    0.0,
    0.0
  ]
}