{
  "energy": -116.58101199588921,
  "forces": [
    [
      -0.8893104791641235,
      -0.05880726873874664,
      0.017506400123238564
    ],
    [
      -0.8553065061569214,
      -0.008421636186540127,
      0.058747850358486176
    ],
    [
      0.882740318775177,
      0.11530622094869614,
      0.04743863642215729
    ],
    [
      0.9052737951278687,
      -0.018573762848973274,
      -0.04721380025148392
    ],
    [
      -0.8779284358024597,
      0.021436063572764397,
      0.06237146258354187
    ],
    [
      -0.855368971824646,
      0.02019287645816803,
      -0.06431844830513
    ],
    [
      0.8672598600387573,
      0.06673400849103928,
      -0.0086679020896554
    ],
    [
      0.8690894842147827,
      -0.0025044267531484365,
      -0.04609842970967293
    ],
    [
      -0.9152619242668152,
      -0.015895089134573936,
      0.014477618969976902
    ],
    [
      -0.9142186045646667,
      -0.018863679841160774,
      -0.032853566110134125
    ],
    [
      0.9036375880241394,
      -0.0035064611583948135,
      0.05769238620996475
    ],
    [
      0.917662501335144,
      -0.04615168273448944,
      -0.061116188764572144
    ],
    [
      -0.90506911277771,
      -0.04116925224661827,
      -0.010505965910851955
    ],
    [
      -0.8949682712554932,
      0.02532952092587948,
      -0.056317828595638275
    ],
    [
      0.8987942337989807,
      -0.05225764587521553,
      0.09629230946302414
    ],
    [
      0.8705506324768066,
      0.008906000293791294,
      -0.010240443050861359
    ],
    [
      0.021497003734111786,
      0.01809488981962204,
      0.0014344502706080675
    ],
    [
      0.013961007818579674,
      -0.011208586394786835,
      0.0009556955192238092
    ],
    [
      -0.01692081056535244,
      0.007114064414054155,
      -0.00824846513569355
    ],
    [
      -0.03660108521580696,
      0.00792159978300333,
      -0.008209005929529667
    ],
    [
      0.020845815539360046,
      -0.0062818629667162895,
      0.005526791326701641
    ],
    [
      0.023436319082975388,
      0.004182443022727966,
      0.011197524145245552
    ],
    [
      -0.029359273612499237,
      -0.0031926122028380632,
      0.0035286794882267714
    ],
    [
      -0.021153362467885017,
      0.01813981868326664,
      0.001151653821580112
    ],
    [
      0.024311168119311333,
      0.004431816283613443,
      -0.0025473381392657757
    ],
    [
      0.019349317997694016,
      -0.02047148160636425,
      0.0027986066415905952
    ],
    [
      -0.026280371472239494,
      0.0025596022605895996,
      0.021117744967341423
    ],
    [
      -0.02334756590425968,
      0.002863978035748005,
      -0.014659600332379341
    ],
    [
      0.028102772310376167,
      -0.0006377410609275103,
      -0.004005317576229572
    ],
    [
      0.0365106537938118,
      -0.015566905029118061,
      -0.0037639718502759933
    ],
    [
      -0.0345584899187088,
      0.008429556153714657,
      -0.014464104548096657
    ],
    [
      -0.00736922025680542,
      -0.008132369257509708,
      -0.009007424116134644
    ]
  ],
  "pressures": [
    -133182.828125,
    -110815.0546875,
    -110844.5078125,
    15.812895774841309,
    -48.60234832763672,
    122.11605072021484
  ],
  "energies": [
    -3.398813247680664,
    -3.401346206665039,
    -3.3984806537628174,
    -3.3989830017089844,
    -3.4012997150421143,
    -3.4013962745666504,
    -3.4012858867645264,
    -3.401674509048462,
    -3.398913621902466,
    -3.398385763168335,
    -3.3976171016693115,
    -3.397033452987671,
    -3.396657705307007,
    -3.3990893363952637,
    -3.3986241817474365,
    -3.398751974105835,
    -3.889495611190796,
    -3.882272958755493,
    -3.8966586589813232,
    -3.895254373550415,
    -3.8951256275177,
    -3.8803458213806152,
    -3.8916285037994385,
    -3.8826656341552734,
    -3.8803305625915527,
    -3.8940041065216064,
    -3.884765863418579,
    -3.889788866043091,
    -3.8790035247802734,
    -3.8913965225219727,
    -3.880690336227417,
    -3.879232168197632
  ]
}