{
  "energy": -57.033017607385155,
  "forces": [
    [
      0.09185764938592911,
      0.09880425035953522,
      -0.26915496587753296
    ],
    [
      -0.013071028515696526,
      -0.035699810832738876,
      0.10693488270044327
    ],
    [
      0.03822413459420204,
      0.015064342878758907,
      0.047358110547065735
    ],
    [
      -0.06788402795791626,
      0.03049902431666851,
      0.048626091331243515
    ],
    [
      0.018530353903770447,
      -0.1810889095067978,
      -0.10194384306669235
    ],
    [
      0.09772659838199615,
      -0.16293087601661682,
      0.18327023088932037
    ],
    [
      -0.03805169835686684,
      0.25069481134414673,
      0.0758158266544342
    ],
    [
      -0.12733198702335358,
      -0.015342827886343002,
      -0.09090632945299149
    ]
  ],
  "pressures": [
    78411.578125,
    94305.71875,
    106667.296875,
    -413.32281494140625,
    -8.237272262573242,
    512.0606079101562
  ],
  "energies": [
    -6.0978312492370605,
    -6.1081438064575195,
    -5.966342926025391,
    -5.966098308563232,
    -6.103325843811035,
    -6.109011173248291,
    -10.339357376098633,
    -10.342906951904297
  ]
}