{
  "energy": -79.4293256951628,
  "forces": [
    [
      0.5356897662158473,
      -2.8614263736237433e-15,
      -9.731798700229888e-16
    ],
    [
      0.5356897662158457,
      8.684083307341124e-16,
      1.263746052249104e-15
    ],
    [
      -0.5356897662158508,
      -3.5969491274379095e-15,
      -3.382710778154774e-16
    ],
    [
      -0.5356897662158489,
      6.782768791069316e-16,
      -2.867497905789662e-15
    ],
    [
      0.5356897662158479,
      -4.128641872824801e-16,
      -1.6479873021779667e-15
    ],
    [
      0.5356897662158483,
      1.3060586917033901e-15,
      1.9359513991901167e-15
    ],
    [
      -0.5356897662158494,
      -1.970645868709653e-15,
      1.5207653662323178e-15
    ],
    [
      -0.5356897662158507,
      3.7383290907300193e-16,
      1.945213495287128e-15
    ],
    [
      0.5356897662158494,
      -2.1650523807253784e-15,
      -1.244664094013359e-15
    ],
    [
      0.535689766215848,
      1.9410191918701102e-15,
      6.25367813089639e-16
    ],
    [
      -0.5356897662158513,
      2.9308153126628156e-15,
      1.0929261410591804e-15
    ],
    [
      -0.53568976621585,
      1.3739009929736312e-15,
      -1.921206249644314e-15
    ],
    [
      0.5356897662158477,
      2.1241688963336003e-15,
      2.060851489460447e-15
    ],
    [
      0.5356897662158475,
      -2.123301534595612e-15,
      -8.617238866914789e-16
    ],
    [
      -0.5356897662158507,
      2.5673907444456745e-15,
      -2.445960101127298e-16
    ],
    [
      -0.5356897662158501,
      -2.1529011621449776e-15,
      1.627170620466245e-15
    ],
    [
      -0.5947127426907219,
      -1.77115266897232e-15,
      -1.3569874390828573e-15
    ],
    [
      -0.594712742690722,
      -7.97475536886759e-16,
      -1.144592233492947e-15
    ],
    [
      0.5947127426907252,
      -2.5157827210353645e-15,
      -8.716985466783456e-16
    ],
    [
      0.5947127426907254,
      -7.2781013813118335e-16,
      -1.6792123247455493e-15
    ],
    [
      -0.5947127426907244,
      -2.9976021664879227e-15,
      -1.4612802365927819e-15
    ],
    [
      -0.5947127426907237,
      -3.847833510151055e-16,
      4.110842360022968e-15
    ],
    [
      0.5947127426907253,
      -1.7763568394002505e-15,
      5.216673989735098e-15
    ],
    [
      0.5947127426907257,
      -4.759647537211364e-16,
      -4.5146178462296405e-15
    ],
    [
      -0.5947127426907227,
      -1.6679366221517e-15,
      -3.269086390478293e-15
    ],
    [
      -0.594712742690725,
      5.330371560807734e-15,
      -1.1655173354219173e-15
    ],
    [
      0.5947127426907262,
      -3.0279598273175168e-15,
      -5.761450344587971e-16
    ],
    [
      0.5947127426907256,
      5.925815393936773e-15,
      -7.675944674380905e-16
    ],
    [
      -0.5947127426907226,
      -2.9812533856054482e-15,
      -2.470620292535839e-15
    ],
    [
      -0.5947127426907273,
      5.467848396278896e-15,
      5.134781488891349e-15
    ],
    [
      0.5947127426907282,
      -3.2751579226442118e-15,
      6.330439644708363e-15
    ],
    [
      0.5947127426907264,
      6.491335247105212e-15,
      -3.780045569685338e-15
    ]
  ],
  "pressures": [
    116971.71895583144,
    112039.96485372762,
    112039.96485372761,
    7.815910366376772e-12,
    -3.347075919863706e-12,
    -1.517062160678225e-11
  ],
  "energies": [
    0.0,
    0.0,
    0.0,
    0.0,
    0.0,
    0.0,
    0.0,
    0.0,
    0.0,
    0.0,
    0.0,
    0.0,
    0.0,
    0.0,
    0.0,
    0.0,
    0.0,
    0.0,
    0.0,
    0.0,
    0.0,
    0.0,
    0.0,
    0.0,
    0.0,
    0.0,
    0.0,
    0.0,
    0.0,
    0.0,
    0.0,
    0.0
  ]
}