{
  "energy": -79.37726335422379,
  "forces": [
    [
      0.5228726863861084,
      -1.7133406515768002e-07,
      -1.7133406515768002e-07
    ],
    [
      0.5228726863861084,
      -7.161234094610336e-08,
      -7.161234094610336e-08
    ],
    [
      -0.5228729844093323,
      -1.7133409357938945e-07,
      -7.161234094610336e-08
    ],
    [
      -0.5228729844093323,
      -7.161234094610336e-08,
      -1.7133409357938945e-07
    ],
    [
      0.5228726863861084,
      -1.7133416463366302e-07,
      -1.1431205848566606e-06
    ],
    [
      0.5228726863861084,
      -7.161234094610336e-08,
      1.3860670833309996e-06
    ],
    [
      -0.5228729844093323,
      -1.7133416463366302e-07,
      1.3860670833309996e-06
    ],
    [
      -0.5228729844093323,
      -7.161234805153072e-08,
      -1.1431206985434983e-06
    ],
    [
      0.5228726863861084,
      -1.1431205848566606e-06,
      -1.7133416463366302e-07
    ],
    [
      0.5228726863861084,
      1.3860670833309996e-06,
      -7.161234094610336e-08
    ],
    [
      -0.5228729844093323,
      -1.1431206985434983e-06,
      -7.161234805153072e-08
    ],
    [
      -0.5228729844093323,
      1.3860670833309996e-06,
      -1.7133416463366302e-07
    ],
    [
      0.5228727459907532,
      -1.1431210396040115e-06,
      -1.1431210396040115e-06
    ],
    [
      0.5228727459907532,
      1.3860674243915128e-06,
      1.3860674243915128e-06
    ],
    [
      -0.5228729844093323,
      -1.1431210396040115e-06,
      1.3860676517651882e-06
    ],
    [
      -0.5228729844093323,
      1.3860676517651882e-06,
      -1.1431210396040115e-06
    ],
    [
      -0.6159859895706177,
      -3.1315889259531104e-07,
      -3.1315889259531104e-07
    ],
    [
      -0.6159859895706177,
      5.417919890504663e-09,
      5.417919890504663e-09
    ],
    [
      0.6159862875938416,
      -3.1315889259531104e-07,
      5.417923887307552e-09
    ],
    [
      0.6159862875938416,
      5.417923443218342e-09,
      -3.1315889259531104e-07
    ],
    [
      -0.6159860491752625,
      -3.1315897786043934e-07,
      -1.5441235063917702e-06
    ],
    [
      -0.6159860491752625,
      5.4179163377909845e-09,
      1.8518645674703293e-06
    ],
    [
      0.6159863471984863,
      -3.131589494387299e-07,
      1.851864340096654e-06
    ],
    [
      0.6159863471984863,
      5.417918114147824e-09,
      -1.5441235063917702e-06
    ],
    [
      -0.6159860491752625,
      -1.5441235063917702e-06,
      -3.1315897786043934e-07
    ],
    [
      -0.6159860491752625,
      1.8518645674703293e-06,
      5.417916781880194e-09
    ],
    [
      0.6159863471984863,
      -1.5441235063917702e-06,
      5.417918114147824e-09
    ],
    [
      0.6159863471984863,
      1.851864340096654e-06,
      -3.131589494387299e-07
    ],
    [
      -0.6159861087799072,
      -1.544123961139121e-06,
      -1.544123961139121e-06
    ],
    [
      -0.6159860491752625,
      1.8518650222176802e-06,
      1.8518650222176802e-06
    ],
    [
      0.6159864068031311,
      -1.5441238474522834e-06,
      1.8518649085308425e-06
    ],
    [
      0.6159864068031311,
      1.8518649085308425e-06,
      -1.5441238474522834e-06
    ]
  ],
  "pressures": [
    121584.4609375,
    112019.96875,
    112019.96875,
    -1.053445351784088e-11,
    -6.986721964863385e-12,
    -3.1465498609439813e-12
  ],
  "energies": [
    -3.3376526832580566,
    -3.3376526832580566,
    -3.3376526832580566,
    -3.3376526832580566,
    -3.3376529216766357,
    -3.3376529216766357,
    -3.3376529216766357,
    -3.3376529216766357,
    -3.3376529216766357,
    -3.3376529216766357,
    -3.3376529216766357,
    -3.3376529216766357,
    -3.337653160095215,
    -3.3376529216766357,
    -3.3376529216766357,
    -3.3376529216766357,
    -1.6234259605407715,
    -1.623426079750061,
    -1.6234259605407715,
    -1.6234259605407715,
    -1.623426079750061,
    -1.623426079750061,
    -1.623426079750061,
    -1.623426079750061,
    -1.623426079750061,
    -1.623426079750061,
    -1.623426079750061,
    -1.623426079750061,
    -1.6234261989593506,
    -1.6234261989593506,
    -1.6234261989593506,
    -1.6234261989593506
  ]
}