{
  "energy": -23.077367472825323,
  "forces": [
    [
      -0.4710555076599121,
      -0.4290620982646942,
      -0.15503758192062378
    ],
    [
      -0.17127324640750885,
      -0.03475603833794594,
      0.08687621355056763
    ],
    [
      0.20509706437587738,
      0.3392018675804138,
      0.44535088539123535
    ],
    [
      0.4372316896915436,
      0.12461627274751663,
      -0.3771895170211792
    ]
  ],
  "pressures": [
    7021.70849609375,
    8425.0869140625,
    5673.0107421875,
    1382.6455078125,
    1005.5618896484375,
    3473.80419921875
  ],
  "energies": [
    -5.767562389373779,
    -5.773873805999756,
    -5.769278526306152,
    -5.766652584075928
  ]
}