{
  "energy": -14.901761260930883,
  "forces": [
    [
      -3.795383349824988e-07,
      -3.795383349824988e-07,
      -3.795383349824988e-07
    ],
    [
      -3.795383349824988e-07,
      3.795383349824988e-07,
      3.795383349824988e-07
    ],
    [
      3.795383349824988e-07,
      -3.795383349824988e-07,
      3.795383349824988e-07
    ],
    [
      3.795383349824988e-07,
      3.795383349824988e-07,
      -3.795383349824988e-07
    ]
  ],
  "pressures": [
    31011.3359375,
    31011.3359375,
    31011.3359375,
    -2.7196351073954794e-11,
    -1.9297445585930717e-11,
    -2.6978433376179112e-11
  ],
  "energies": [
    -3.725440263748169,
    -3.725440263748169,
    -3.725440263748169,
    -3.725440263748169
  ]
}