{
  "energy": -14.894318644987225,
  "forces": [
    [
      -4.830786780712162e-16,
      -9.649941436207232e-16,
      -1.0289078616887437e-16
    ],
    [
      -6.071532165918825e-18,
      9.81652751869279e-16,
      1.700029006457271e-16
    ],
    [
      2.536762033072959e-16,
      3.63207727782644e-17,
      9.91160603220227e-16
    ],
    [
      2.551089009239523e-16,
      -4.515702048402126e-17,
      -1.0299920638612292e-15
    ]
  ],
  "pressures": [
    29315.829469141623,
    29315.829469141583,
    29315.82946914159,
    -1.2488532976272164e-11,
    1.7766722241140156e-11,
    -5.001323710077836e-11
  ],
  "energies": [
    0.0,
    0.0,
    0.0,
    0.0
  ]
}