{
  "energy": -21.692899703979492,
  "forces": [
    [
      0.17591440677642822,
      -0.01639842987060547,
      -0.15105335414409637
    ],
    [
      -0.17591458559036255,
      0.01639830693602562,
      0.15105308592319489
    ]
  ],
  "pressures": [
    46787.375,
    47004.44140625,
    46845.2734375,
    17.03215217590332,
    -179.85379028320312,
    -19.74968147277832
  ],
  "energies": [
    -10.846449851989746,
    -10.846449851989746
  ]
}