{
  "energy": -23.079388041835884,
  "forces": [
    [
      -0.46962425112724304,
      -0.4333658814430237,
      -0.15074552595615387
    ],
    [
      -0.1661597341299057,
      -0.03624638542532921,
      0.08175467699766159
    ],
    [
      0.20026922225952148,
      0.34437859058380127,
      0.44481319189071655
    ],
    [
      0.43551477789878845,
      0.12523368000984192,
      -0.3758223354816437
    ]
  ],
  "pressures": [
    5633.13525390625,
    6890.18603515625,
    4178.3232421875,
    1306.2310791015625,
    988.2291870117188,
    3305.896728515625
  ],
  "energies": [
    -5.768744945526123,
    -5.773757457733154,
    -5.770555019378662,
    -5.766330718994141
  ]
}