{
  "energy": -14.931344111724874,
  "forces": [
    [
      0.020990405113487785,
      -0.013966467976497903,
      -0.04053116817907
    ],
    [
      -0.016296342907218507,
      0.026247243857628763,
      0.01602096664391589
    ],
    [
      -0.021177990053114625,
      -0.04685101450971176,
      0.02458767558726055
    ],
    [
      0.01648392784684539,
      0.03457023862858084,
      -7.74740521064278e-05
    ]
  ],
  "pressures": [
    -2301.5298957364007,
    -2340.233160980262,
    -2279.1848721655692,
    5.133500623800906,
    -34.51883507183672,
    -4.511650939784462
  ],
  "energies": [
    0.0,
    0.0,
    0.0,
    0.0
  ]
}