{
  "energy": -14.983988749725839,
  "forces": [
    [
      0.02055179513990879,
      -0.015421655960381031,
      -0.040638674050569534
    ],
    [
      -0.015703391283750534,
      0.02736232616007328,
      0.016806118190288544
    ],
    [
      -0.020734306424856186,
      -0.047395359724760056,
      0.025137057527899742
    ],
    [
      0.01588590256869793,
      0.03545469045639038,
      -0.0013044991064816713
    ]
  ],
  "pressures": [
    -5629.2080078125,
    -5669.3662109375,
    -5608.46728515625,
    5.477352142333984,
    -32.18069076538086,
    -5.981672286987305
  ],
  "energies": [
    -3.7460176944732666,
    -3.746014356613159,
    -3.745914936065674,
    -3.746041774749756
  ]
}