{
  "energy": -57.035125732421875,
  "forces": [
    [
      0.09440161287784576,
      0.09788806736469269,
      -0.26881834864616394
    ],
    [
      -0.01433240994811058,
      -0.03230036422610283,
      0.11037289351224899
    ],
    [
      0.038868747651576996,
      0.011086147278547287,
      0.050200287252664566
    ],
    [
      -0.07025344669818878,
      0.037888139486312866,
      0.04820314422249794
    ],
    [
      0.017304178327322006,
      -0.17846377193927765,
      -0.09607768803834915
    ],
    [
      0.10059188306331635,
      -0.16653823852539062,
      0.1742982566356659
    ],
    [
      -0.03992755338549614,
      0.25549861788749695,
      0.07754778116941452
    ],
    [
      -0.1266528218984604,
      -0.025059103965759277,
      -0.09572631865739822
    ]
  ],
  "pressures": [
    72344.0234375,
    91649.7734375,
    112780.3984375,
    -256.41705322265625,
    10.97458553314209,
    496.7978210449219
  ],
  "energies": [
    -6.006669998168945,
    -6.0136613845825195,
    -5.895771026611328,
    -5.895679473876953,
    -6.008180618286133,
    -6.008297443389893,
    -10.597139358520508,
    -10.609724044799805
  ]
}