{
  "energy": -12.83316186321277,
  "forces": [
    [
      5.256131316855317e-07,
      2.5195933517352387e-07,
      3.571062165974581e-07
    ],
    [
      1.5862180191561492e-07,
      -1.5862180191561492e-07,
      -9.40759861123297e-08
    ],
    [
      -4.3227558421676804e-07,
      4.3227558421676804e-07,
      -6.201364044500224e-07
    ],
    [
      -2.5195933517352387e-07,
      -5.256131316855317e-07,
      3.571062165974581e-07
    ]
  ],
  "pressures": [
    -27940.400390625,
    -27940.400390625,
    -6993.3388671875,
    -1.9425840935838323e-09,
    1.9321928501625507e-09,
    1.2684310268795684e-09
  ],
  "energies": [
    -3.1806235313415527,
    -4.375648021697998,
    -2.096266508102417,
    -3.1806235313415527
  ]
}