{
  "energy": -12.765458312934104,
  "forces": [
    [
      1.6306400674181987e-16,
      9.52363188311267e-16,
      -6.071532165918825e-17
    ],
    [
      2.862293735361732e-17,
      -8.743023402233323e-16,
      -2.5006038906205674e-15
    ],
    [
      -2.931682674400804e-16,
      5.984795992119984e-17,
      1.285430095698814e-15
    ],
    [
      4.2500725161431774e-17,
      1.6459226321583967e-17,
      1.2038980923279041e-15
    ]
  ],
  "pressures": [
    -18950.90662299936,
    -18950.906622999333,
    2359.4137132526284,
    3.893208712346449e-11,
    -5.655250853038467e-11,
    -1.6117341880930996e-12
  ],
  "energies": [
    0.0,
    0.0,
    0.0,
    0.0
  ]
}