{
  "energy": -21.69038631021251,
  "forces": [
    [
      0.1867000162601471,
      -0.01741950400173664,
      -0.1603560745716095
    ],
    [
      -0.1867000162601471,
      0.01741950400173664,
      0.1603560745716095
    ]
  ],
  "pressures": [
    53244.890625,
    54006.97265625,
    53446.9921875,
    -0.1915658712387085,
    6.740198135375977,
    0.3576336205005646
  ],
  "energies": [
    -10.845192909240723,
    -10.845192909240723
  ]
}