{
  "energy": -5.190595991784839,
  "free_energy": -5.207235749161251,
  "electron_entropy": 0.09654821577714515,
  "electron_temperature": 0.17234660674434427,
  "forces": [
    [
      0.7006528581822093,
      -0.0657064678519068,
      -0.6026028303398714
    ],
    [
      -0.700652858182209,
      0.06570646785190688,
      0.6026028303398725
    ]
  ],
  "pressures": [
    1557120.117625269,
    1562033.9364901138,
    1558412.1597583743,
    619.6716490918125,
    -6608.682637320962,
    -720.5238425412441
  ]
}