{
  "energy": -3.0006919970667263,
  "forces": [
    [
      0.005999309272840556,
      -0.004681888808563207,
      0.022785492485780188
    ],
    [
      -0.005999309272840556,
      0.004681888808563217,
      -0.022785492485780188
    ]
  ],
  "pressures": [
    -4831.143501218964,
    -4368.355516955601,
    -4842.4621605272,
    -7.703161589527078,
    9.863700952065086,
    300.0415433501695
  ],
  "energies": [
    0.0,
    0.0
  ]
}