{
  "energy": -3.0044324824452735,
  "forces": [
    [
      0.006440255790948868,
      -0.005027938634157181,
      0.023021673783659935
    ],
    [
      -0.006440255790948868,
      0.005027938634157181,
      -0.023021673783659935
    ]
  ],
  "pressures": [
    -6224.244140625,
    -5846.1328125,
    -7549.1748046875,
    -7.768777847290039,
    9.931174278259277,
    245.22300720214844
  ],
  "energies": [
    -1.5022162199020386,
    -1.5022162199020386
  ]
}