{
  "energy": -23.082170486450195,
  "forces": [
    [
      -0.4713474214076996,
      -0.4323979616165161,
      -0.15325449407100677
    ],
    [
      -0.16930711269378662,
      -0.03575664758682251,
      0.08459740877151489
    ],
    [
      0.20322637259960175,
      0.3430003523826599,
      0.44620296359062195
    ],
    [
      0.43742817640304565,
      0.1251540184020996,
      -0.3775458037853241
    ]
  ],
  "pressures": [
    2956.27294921875,
    4478.7626953125,
    1570.6466064453125,
    1306.8668212890625,
    1021.9488525390625,
    3334.207763671875
  ],
  "energies": [
    -5.769404411315918,
    -5.774172306060791,
    -5.770999908447266,
    -5.7675933837890625
  ]
}