{
  "energy": -14.984670460582029,
  "forces": [
    [
      4.515571561114484e-07,
      4.515571561114484e-07,
      4.515571561114484e-07
    ],
    [
      4.515571561114484e-07,
      -4.515571561114484e-07,
      -4.515571561114484e-07
    ],
    [
      -4.515571561114484e-07,
      4.515571561114484e-07,
      -4.515571561114484e-07
    ],
    [
      -4.515571561114484e-07,
      -4.515571561114484e-07,
      4.515571561114484e-07
    ]
  ],
  "pressures": [
    -5698.43896484375,
    -5698.43896484375,
    -5698.43896484375,
    -6.502398446073254e-12,
    -7.971892243552325e-12,
    -9.134182993308926e-12
  ],
  "energies": [
    -3.7461676597595215,
    -3.7461676597595215,
    -3.7461676597595215,
    -3.7461676597595215
  ]
}