{
  "energy": -14.932027005884734,
  "forces": [
    [
      3.0704605524789486e-16,
      7.598088824778415e-16,
      -7.216449660063518e-16
    ],
    [
      8.239936510889834e-18,
      -5.169425981633518e-16,
      8.764690362372818e-16
    ],
    [
      -2.1163626406917047e-16,
      1.0772632785815972e-15,
      3.885780586188048e-16
    ],
    [
      -6.808789643208968e-17,
      -1.288161481780162e-15,
      -5.178149575790769e-16
    ]
  ],
  "pressures": [
    -2372.3458696051357,
    -2372.3458696051907,
    -2372.345869605117,
    -6.087171825970578e-12,
    2.8911675709353957e-11,
    -1.775723655128082e-11
  ],
  "energies": [
    0.0,
    0.0,
    0.0,
    0.0
  ]
}