{
  "energy": -100.10637892059168,
  "forces": [
    [
      -0.42738884687423706,
      0.41394683718681335,
      -8.01625930080263e-08
    ],
    [
      -0.42738887667655945,
      -0.41394710540771484,
      -1.4095788003487542e-07
    ],
    [
      0.4273887574672699,
      0.41394689679145813,
      -1.4095788003487542e-07
    ],
    [
      0.42738866806030273,
      -0.413947194814682,
      -8.016260721888102e-08
    ],
    [
      -0.4273892343044281,
      0.4139467477798462,
      -9.646452099332237e-07
    ],
    [
      -0.42738911509513855,
      -0.41394704580307007,
      1.1857657682412537e-06
    ],
    [
      0.427388995885849,
      0.41394683718681335,
      1.1857657682412537e-06
    ],
    [
      0.4273890554904938,
      -0.41394710540771484,
      -9.646453236200614e-07
    ],
    [
      0.14388658106327057,
      -0.3996346592903137,
      -1.5582249091039557e-07
    ],
    [
      0.14388667047023773,
      0.39963483810424805,
      -1.148448376397937e-07
    ],
    [
      -0.14388681948184967,
      -0.3996346890926361,
      -1.1484485185064841e-07
    ],
    [
      -0.14388689398765564,
      0.3996349275112152,
      -1.5582249091039557e-07
    ],
    [
      0.14388664066791534,
      -0.3996345102787018,
      -1.2384927003949997e-06
    ],
    [
      0.14388670027256012,
      0.3996347486972809,
      1.5091599152583512e-06
    ],
    [
      -0.14388686418533325,
      -0.39963459968566895,
      1.5091601426320267e-06
    ],
    [
      -0.14388695359230042,
      0.39963477849960327,
      -1.2384927003949997e-06
    ],
    [
      -0.14785073697566986,
      0.33082249760627747,
      1.536168348081901e-08
    ],
    [
      -0.14785076677799225,
      -0.3308226466178894,
      -9.512022813851218e-08
    ],
    [
      0.14785079658031464,
      0.33082255721092224,
      -9.512022103308482e-08
    ],
    [
      0.14785084128379822,
      -0.3308226466178894,
      1.5361678151748492e-08
    ],
    [
      -0.14785070717334747,
      0.330822616815567,
      -3.0367300496436656e-07
    ],
    [
      -0.14785073697566986,
      -0.3308227062225342,
      3.834316260054038e-07
    ],
    [
      0.14785078167915344,
      0.330822616815567,
      3.8343148389685666e-07
    ],
    [
      0.14785079658031464,
      -0.33082276582717896,
      -3.0367300496436656e-07
    ],
    [
      -0.18025381863117218,
      -1.1443263292312622,
      -2.4961306621662516e-07
    ],
    [
      -0.18025390803813934,
      1.1443265676498413,
      -2.556368450257196e-08
    ],
    [
      0.18025414645671844,
      -1.1443263292312622,
      -2.5563688055285638e-08
    ],
    [
      0.18025420606136322,
      1.1443264484405518,
      -2.4961306621662516e-07
    ],
    [
      -0.18025389313697815,
      -1.1443265676498413,
      -1.350320872006705e-06
    ],
    [
      -0.18025395274162292,
      1.1443268060684204,
      1.6254975889751222e-06
    ],
    [
      0.18025419116020203,
      -1.1443265676498413,
      1.6254974752882845e-06
    ],
    [
      0.1802542805671692,
      1.1443268060684204,
      -1.3503206446330296e-06
    ]
  ],
  "pressures": [
    -4788.84130859375,
    -11391.044921875,
    -5586.0185546875,
    -6.353736547309863e-12,
    -3.0257463201621704e-11,
    1.270507171691193e-10
  ],
  "energies": [
    -3.411698818206787,
    -3.411699056625366,
    -3.411699056625366,
    -3.411699056625366,
    -3.411699056625366,
    -3.411699056625366,
    -3.411699056625366,
    -3.4116992950439453,
    -3.3266637325286865,
    -3.3266637325286865,
    -3.3266639709472656,
    -3.3266637325286865,
    -3.3266639709472656,
    -3.3266639709472656,
    -3.3266639709472656,
    -3.3266639709472656,
    -4.085322380065918,
    -4.085322856903076,
    -4.085322380065918,
    -4.085322380065918,
    -4.085322856903076,
    -4.085322856903076,
    -4.085322856903076,
    -4.085322856903076,
    -1.689611554145813,
    -1.689611554145813,
    -1.689611554145813,
    -1.689611554145813,
    -1.689611792564392,
    -1.6896116733551025,
    -1.6896116733551025,
    -1.6896116733551025
  ]
}