{
  "energy": -99.95254916689692,
  "forces": [
    [
      -0.4144116895707851,
      0.3914570621472485,
      -3.2094552709915902e-15
    ],
    [
      -0.414411689570789,
      -0.39145706214725107,
      -2.5066754227864863e-16
    ],
    [
      0.4144116895707819,
      0.3914570621472439,
      2.8210940528072825e-16
    ],
    [
      0.414411689570783,
      -0.3914570621472487,
      -5.27008992001754e-15
    ],
    [
      -0.41441168957078356,
      0.3914570621472483,
      -3.301612455652858e-15
    ],
    [
      -0.4144116895707809,
      -0.3914570621472492,
      4.163336342344337e-15
    ],
    [
      0.4144116895707823,
      0.3914570621472485,
      3.482149255573652e-15
    ],
    [
      0.4144116895707813,
      -0.39145706214725073,
      2.472714912317679e-15
    ],
    [
      0.16427732312826254,
      -0.4086309393730014,
      -2.540502530568034e-15
    ],
    [
      0.16427732312826354,
      0.40863093937300193,
      3.3133218391157016e-16
    ],
    [
      -0.16427732312826504,
      -0.4086309393729994,
      1.0287352646877865e-15
    ],
    [
      -0.1642773231282654,
      0.4086309393730037,
      -3.053980679457169e-15
    ],
    [
      0.16427732312826251,
      -0.40863093937299705,
      2.0775482029167236e-15
    ],
    [
      0.16427732312826654,
      0.40863093937299955,
      7.112366251504909e-16
    ],
    [
      -0.16427732312826498,
      -0.4086309393729971,
      -1.0581813203458523e-15
    ],
    [
      -0.16427732312826718,
      0.4086309393729995,
      1.2862974574368025e-15
    ],
    [
      -0.12235032329668742,
      0.33721897807693396,
      -1.3979702812028094e-15
    ],
    [
      -0.12235032329668245,
      -0.33721897807693674,
      -1.9949319973733282e-17
    ],
    [
      0.1223503232966886,
      0.33721897807693535,
      1.248567221834307e-15
    ],
    [
      0.12235032329668692,
      -0.3372189780769367,
      1.3183898417423734e-16
    ],
    [
      -0.12235032329668216,
      0.3372189780769354,
      4.224237732769794e-16
    ],
    [
      -0.12235032329668402,
      -0.337218978076937,
      1.4013144434437447e-15
    ],
    [
      0.12235032329668485,
      0.33721897807693774,
      2.0964015864527876e-15
    ],
    [
      0.12235032329668398,
      -0.3372189780769366,
      -9.8879238130678e-16
    ],
    [
      -0.19728976933967204,
      -1.1475609395055815,
      -4.062722380737682e-15
    ],
    [
      -0.19728976933967327,
      1.1475609395055848,
      -7.22078646875346e-16
    ],
    [
      0.19728976933967576,
      -1.147560939505584,
      -6.713379852030243e-16
    ],
    [
      0.19728976933967507,
      1.1475609395055846,
      -2.685812879191948e-16
    ],
    [
      -0.1972897693396723,
      -1.1475609395055828,
      -5.675891667280781e-16
    ],
    [
      -0.1972897693396761,
      1.1475609395055837,
      5.329070518200751e-15
    ],
    [
      0.19728976933967513,
      -1.1475609395055857,
      5.058887336817364e-15
    ],
    [
      0.19728976933967637,
      1.1475609395055855,
      -4.5805409061614856e-15
    ]
  ],
  "pressures": [
    -5433.884318533324,
    -14357.993362762098,
    -5878.06761969517,
    2.1078210605341684e-11,
    -3.35753553211328e-12,
    9.497327922613268e-13
  ],
  "energies": [
    0.0,
    0.0,
    0.0,
    0.0,
    0.0,
    0.0,
    0.0,
    0.0,
    0.0,
    0.0,
    0.0,
    0.0,
    0.0,
    0.0,
    0.0,
    0.0,
    0.0,
    0.0,
    0.0,
    0.0,
    0.0,
    0.0,
    0.0,
    0.0,
    0.0,
    0.0,
    0.0,
    0.0,
    0.0,
    0.0,
    0.0,
    0.0
  ]
}