{
  "energy": -21.690609869115484,
  "forces": [
    [
      0.18493197858333588,
      -0.017247559502720833,
      -0.15882186591625214
    ],
    [
      -0.18493197858333588,
      0.017247559502720833,
      0.15882186591625214
    ]
  ],
  "pressures": [
    52305.296875,
    52534.765625,
    52366.69140625,
    21.152719497680664,
    -221.5225067138672,
    -24.47856330871582
  ],
  "energies": [
    -10.845304489135742,
    -10.845304489135742
  ]
}