{
  "energy": -14.895520164586738,
  "forces": [
    [
      -0.05808449909090996,
      0.10385335236787796,
      0.18915939331054688
    ],
    [
      -0.0011011807946488261,
      -0.048180606216192245,
      -0.1378694623708725
    ],
    [
      0.05372826009988785,
      0.06882078945636749,
      -0.21930134296417236
    ],
    [
      0.005457418970763683,
      -0.1244935393333435,
      0.16801141202449799
    ]
  ],
  "pressures": [
    31877.216796875,
    31787.552734375,
    31791.984375,
    -185.45721435546875,
    -272.7937927246094,
    -61.37244415283203
  ],
  "energies": [
    -3.723637819290161,
    -3.7245137691497803,
    -3.7235283851623535,
    -3.7238399982452393
  ]
}