{
  "energy": -14.888076810392437,
  "forces": [
    [
      -0.058298195128748447,
      0.10392658237594213,
      0.18908731239351745
    ],
    [
      -0.0008267885123811972,
      -0.0477664884713153,
      -0.13735483246207358
    ],
    [
      0.05390570765180734,
      0.0685800861877192,
      -0.21948734611581852
    ],
    [
      0.005219275989322201,
      -0.12474018009234612,
      0.16775486618437455
    ]
  ],
  "pressures": [
    30216.422109080202,
    30120.101906972126,
    30114.89071424952,
    -191.6351262269513,
    -283.5731627573439,
    -63.36935747604168
  ],
  "energies": [
    0.0,
    0.0,
    0.0,
    0.0
  ]
}