{
  "energy": -3.004579069623545,
  "forces": [
    [
      2.8851768598273987e-17,
      6.005286934396281e-09,
      5.1092197139723794e-08
    ],
    [
      -4.725883017223685e-17,
      -6.005286934396281e-09,
      -5.1092197139723794e-08
    ]
  ],
  "pressures": [
    -6041.67529296875,
    -6041.67578125,
    -7577.185546875,
    -1.9160282735408707e-11,
    -9.843618975491353e-13,
    -4.547721574321706e-12
  ],
  "energies": [
    -1.5022895336151123,
    -1.5022895336151123
  ]
}