{
  "energy": -3.0008342914773625,
  "forces": [
    [
      -1.1145598333150986e-16,
      -1.3233771717358067e-15,
      -1.949395506128937e-16
    ],
    [
      1.1405806854547507e-16,
      1.3268466186877603e-15,
      1.9888023697007913e-16
    ]
  ],
  "pressures": [
    -4604.337751814758,
    -4604.337751814481,
    -4868.594251850951,
    -1.8882161205795993e-12,
    -5.8203775263226946e-12,
    1.0566743909139765e-11
  ],
  "energies": [
    0.0,
    0.0
  ]
}