{
  "energy": -57.03435134887695,
  "forces": [
    [
      0.09469501674175262,
      0.10223761200904846,
      -0.2692989110946655
    ],
    [
      -0.013142699375748634,
      -0.03637290745973587,
      0.10817353427410126
    ],
    [
      0.03611070290207863,
      0.016056984663009644,
      0.05235501751303673
    ],
    [
      -0.07077521085739136,
      0.033300429582595825,
      0.04790480062365532
    ],
    [
      0.018845541402697563,
      -0.1829017996788025,
      -0.09649181365966797
    ],
    [
      0.10045784711837769,
      -0.16460487246513367,
      0.17389658093452454
    ],
    [
      -0.03904511034488678,
      0.25203627347946167,
      0.0781208723783493
    ],
    [
      -0.12714657187461853,
      -0.019751518964767456,
      -0.09466084837913513
    ]
  ],
  "pressures": [
    74439.4765625,
    92388.8671875,
    111777.7265625,
    -304.4948425292969,
    8.726327896118164,
    475.1078796386719
  ],
  "energies": [
    -5.9121479988098145,
    -5.919990539550781,
    -5.77069616317749,
    -5.7695231437683105,
    -5.916114807128906,
    -5.9163899421691895,
    -10.908971786499023,
    -10.920513153076172
  ]
}