{
  "energy": -57.03587916276375,
  "forces": [
    [
      0.0955062136054039,
      0.09837738424539566,
      -0.27093324065208435
    ],
    [
      -0.013755696825683117,
      -0.031323086470365524,
      0.11155037581920624
    ],
    [
      0.03817765414714813,
      0.00901657436043024,
      0.052965253591537476
    ],
    [
      -0.07008218765258789,
      0.0396391823887825,
      0.04819090664386749
    ],
    [
      0.017970198765397072,
      -0.1758582442998886,
      -0.10150698572397232
    ],
    [
      0.10059306025505066,
      -0.16385027766227722,
      0.17619074881076813
    ],
    [
      -0.03897296264767647,
      0.24507394433021545,
      0.07499691098928452
    ],
    [
      -0.12943628430366516,
      -0.021075472235679626,
      -0.09145395457744598
    ]
  ],
  "pressures": [
    78830.6875,
    94078.9765625,
    105277.59375,
    -302.0155029296875,
    3.2608885765075684,
    494.1563415527344
  ],
  "energies": [
    -6.5675153732299805,
    -6.572577953338623,
    -6.462797164916992,
    -6.462456703186035,
    -6.5717620849609375,
    -6.574785232543945,
    -8.909733772277832,
    -8.914251327514648
  ]
}